Time,Angle_paka,Angle_kolo
0.0007,0.00549316,0.04394531
0.1011,0.00549316,0.04394531
0.2013,0.00549316,0.04394531
0.3014,0.00549316,0.04394531
0.4018,0.00549316,0.04394531
0.502,0.00549316,0.04394531
0.6021,0.00549316,0.04394531
0.7023,0.00549316,0.04394531
0.8024,0.00549316,0.04394531
0.9026,0.00549316,0.04394531
1.0027,0.00549316,0.04394531
1.103,0.00549316,0.04394531
1.2033,0.00549316,0.04394531
