Time,Angle_paka,Angle_kolo
0.0013,-0.00549316,0.0
0.1015,-0.00549316,0.0
0.2017,-0.00549316,0.0
0.3018,-0.00549316,0.0
0.402,-0.00549316,0.0
0.5022,-0.00549316,0.0
0.6024,-0.00549316,0.0
0.7026,-0.00549316,0.0
0.8028,-0.00549316,0.0
0.903,-0.00549316,0.0
