Time,Angle_paka,Angle_kolo,Hmotnost=54.0
0.002,0.0,1.1315918
0.1022,0.0,1.1315918
0.2024,0.0,1.1315918
0.3025,0.0,1.1315918
0.4027,0.0,1.1315918
0.5029,0.0,1.1315918
0.6031,0.0,1.1315918
0.7033,0.0,1.1315918
0.8034,0.0,1.1315918
0.9036,0.0,1.1315918
1.0037,0.0,1.1315918
1.104,0.0,1.1315918
1.2041,0.0,1.1315918
1.3043,0.0,1.1315918
