Time,Angle_paka,Angle_kolo
0.0017,12.72216797,12.58483887
0.1022,12.60681152,12.71118164
0.2024,12.40905762,12.90344238
0.3025,12.21130371,13.10119629
0.4027,12.00805664,13.2989502
0.5028,11.80480957,13.50219727
0.603,11.6015625,13.69995117
0.7031,11.39831543,13.90319824
