Time,Angle_paka,Angle_kolo
0.0008,310.44616699,-27.59765625
0.1011,310.44616699,-27.59765625
0.2013,310.44616699,-27.59765625
0.3014,310.44616699,-27.59765625
0.4015,310.44616699,-27.59765625
0.5017,310.44616699,-27.59765625
0.6018,310.44616699,-27.59765625
0.702,310.44616699,-27.59765625
