Time,Angle_paka,Angle_kolo
0.0006,310.44616699,-27.59765625
0.1009,310.44616699,-27.59765625
0.2011,310.44616699,-27.59765625
0.3013,310.44616699,-27.59765625
0.4015,310.44616699,-27.59765625
0.5017,310.44616699,-27.59765625
0.6019,310.44616699,-27.59765625
0.7021,310.44616699,-27.59765625
0.8022,310.44616699,-27.59765625
0.9024,310.44616699,-27.59765625
1.0025,310.44616699,-27.59765625
