Time,Angle_paka,Angle_kolo,Hmotnost=0.0
0.0013,-33.3380127,36.20544434
0.1016,-33.3380127,36.20544434
0.2018,-33.3380127,36.20544434
0.3019,-33.3380127,36.20544434
0.4021,-33.3380127,36.20544434
0.5022,-33.3380127,36.20544434
0.6024,-33.3380127,36.20544434
0.7025,-33.3380127,36.20544434
0.8027,-33.3380127,36.20544434
0.9028,-33.3380127,36.20544434
1.003,-33.3380127,36.20544434
1.1034,-33.3380127,36.20544434
